[
    {
        "bankName": "GTB",
        "code": "737"
    },
    {
        "bankName": "First Bank",
        "code": "894"
    },
    {
        "bankName": "Zenith Bank",
        "code": "966"
    },
    { "bankName": "UBA", "code": "919" },
    { "bankName": "Stanbic Bank", "code": "909" },
    { "bankName": "Sterling Bank", "code": "822" },
    { "bankName": "Unity Bank", "code": "7799" },
    { "bankName": "Keystone Bank", "code": "7111" },
    { "bankName": "Fidelity Bank", "code": "770" },
    { "bankName": "Ecobank", "code": "326" },
    { "bankName": "Wema Bank", "code": "945" },
    { "bankName": "Access Bank", "code": "901" },
    { "bankName": "Access (Diamond)", "code": "426" },
    { "bankName": "FCMB", "code": "329" },
    { "bankName": "Heritage Bank", "code": "745" },
    { "bankName": "Union Bank", "code": "826" },
    { "bankName": "VFD MFB", "code": "5037" },
    { "bankName": "Rubies (Highstreet) MFB", "code": "7797" }
]
